cohort_week,weeks_since_signup,cohort_size,retained_users,retention_rate
2025-12-29,0,208,208,1.0
2025-12-29,1,208,92,0.4423
2025-12-29,2,208,112,0.5385
2025-12-29,3,208,94,0.4519
2025-12-29,4,208,69,0.3317
2025-12-29,5,208,35,0.1683
2025-12-29,6,208,26,0.125
2025-12-29,7,208,24,0.1154
2025-12-29,8,208,24,0.1154
2025-12-29,9,208,17,0.0817
2025-12-29,10,208,19,0.0913
2025-12-29,11,208,12,0.0577
2025-12-29,12,208,10,0.0481
2026-01-05,0,290,290,1.0
2026-01-05,1,290,138,0.4759
2026-01-05,2,290,143,0.4931
2026-01-05,3,290,112,0.3862
2026-01-05,4,290,75,0.2586
2026-01-05,5,290,52,0.1793
2026-01-05,6,290,30,0.1034
2026-01-05,7,290,39,0.1345
2026-01-05,8,290,30,0.1034
2026-01-05,9,290,32,0.1103
2026-01-05,10,290,21,0.0724
2026-01-05,11,290,11,0.0379
2026-01-05,12,290,16,0.0552
2026-01-12,0,343,343,1.0
2026-01-12,1,343,150,0.4373
2026-01-12,2,343,163,0.4752
2026-01-12,3,343,131,0.3819
2026-01-12,4,343,97,0.2828
2026-01-12,5,343,45,0.1312
2026-01-12,6,343,55,0.1603
2026-01-12,7,343,34,0.0991
2026-01-12,8,343,33,0.0962
2026-01-12,9,343,26,0.0758
2026-01-12,10,343,20,0.0583
2026-01-12,11,343,23,0.0671
2026-01-12,12,343,13,0.0379
2026-01-19,0,335,335,1.0
2026-01-19,1,335,147,0.4388
2026-01-19,2,335,164,0.4896
2026-01-19,3,335,122,0.3642
2026-01-19,4,335,87,0.2597
2026-01-19,5,335,60,0.1791
2026-01-19,6,335,50,0.1493
2026-01-19,7,335,25,0.0746
2026-01-19,8,335,26,0.0776
2026-01-19,9,335,25,0.0746
2026-01-19,10,335,21,0.0627
2026-01-19,11,335,17,0.0507
2026-01-19,12,335,6,0.0179
2026-01-26,0,355,355,1.0
2026-01-26,1,355,162,0.4563
2026-01-26,2,355,179,0.5042
2026-01-26,3,355,145,0.4085
2026-01-26,4,355,99,0.2789
2026-01-26,5,355,48,0.1352
2026-01-26,6,355,51,0.1437
2026-01-26,7,355,36,0.1014
2026-01-26,8,355,38,0.107
2026-01-26,9,355,29,0.0817
2026-01-26,10,355,26,0.0732
2026-01-26,11,355,22,0.062
2026-01-26,12,355,14,0.0394
2026-02-02,0,304,304,1.0
2026-02-02,1,304,133,0.4375
2026-02-02,2,304,144,0.4737
2026-02-02,3,304,119,0.3914
2026-02-02,4,304,82,0.2697
2026-02-02,5,304,49,0.1612
2026-02-02,6,304,28,0.0921
2026-02-02,7,304,37,0.1217
2026-02-02,8,304,27,0.0888
2026-02-02,9,304,11,0.0362
2026-02-02,10,304,17,0.0559
2026-02-02,11,304,12,0.0395
2026-02-02,12,304,15,0.0493
2026-02-09,0,289,289,1.0
2026-02-09,1,289,139,0.481
2026-02-09,2,289,150,0.519
2026-02-09,3,289,117,0.4048
2026-02-09,4,289,88,0.3045
2026-02-09,5,289,55,0.1903
2026-02-09,6,289,45,0.1557
2026-02-09,7,289,34,0.1176
2026-02-09,8,289,31,0.1073
2026-02-09,9,289,22,0.0761
2026-02-09,10,289,16,0.0554
2026-02-09,11,289,15,0.0519
2026-02-09,12,289,14,0.0484
2026-02-16,0,288,288,1.0
2026-02-16,1,288,116,0.4028
2026-02-16,2,288,136,0.4722
2026-02-16,3,288,106,0.3681
2026-02-16,4,288,74,0.2569
2026-02-16,5,288,41,0.1424
2026-02-16,6,288,35,0.1215
2026-02-16,7,288,32,0.1111
2026-02-16,8,288,24,0.0833
2026-02-16,9,288,20,0.0694
2026-02-16,10,288,13,0.0451
2026-02-16,11,288,14,0.0486
2026-02-16,12,288,8,0.0278
2026-02-23,0,304,304,1.0
2026-02-23,1,304,132,0.4342
2026-02-23,2,304,149,0.4901
2026-02-23,3,304,112,0.3684
2026-02-23,4,304,78,0.2566
2026-02-23,5,304,50,0.1645
2026-02-23,6,304,35,0.1151
2026-02-23,7,304,37,0.1217
2026-02-23,8,304,26,0.0855
2026-02-23,9,304,23,0.0757
2026-02-23,10,304,12,0.0395
2026-02-23,11,304,18,0.0592
2026-02-23,12,304,20,0.0658
2026-03-02,0,309,309,1.0
2026-03-02,1,309,145,0.4693
2026-03-02,2,309,151,0.4887
2026-03-02,3,309,116,0.3754
2026-03-02,4,309,76,0.246
2026-03-02,5,309,46,0.1489
2026-03-02,6,309,42,0.1359
2026-03-02,7,309,29,0.0939
2026-03-02,8,309,29,0.0939
2026-03-02,9,309,22,0.0712
2026-03-02,10,309,22,0.0712
2026-03-02,11,309,14,0.0453
2026-03-02,12,309,13,0.0421
2026-03-09,0,315,315,1.0
2026-03-09,1,315,142,0.4508
2026-03-09,2,315,163,0.5175
2026-03-09,3,315,133,0.4222
2026-03-09,4,315,88,0.2794
2026-03-09,5,315,62,0.1968
2026-03-09,6,315,40,0.127
2026-03-09,7,315,39,0.1238
2026-03-09,8,315,18,0.0571
2026-03-09,9,315,18,0.0571
2026-03-09,10,315,15,0.0476
2026-03-09,11,315,22,0.0698
2026-03-09,12,315,11,0.0349
2026-03-16,0,334,334,1.0
2026-03-16,1,334,141,0.4222
2026-03-16,2,334,161,0.482
2026-03-16,3,334,116,0.3473
2026-03-16,4,334,95,0.2844
2026-03-16,5,334,51,0.1527
2026-03-16,6,334,44,0.1317
2026-03-16,7,334,33,0.0988
2026-03-16,8,334,31,0.0928
2026-03-16,9,334,24,0.0719
2026-03-16,10,334,24,0.0719
2026-03-16,11,334,14,0.0419
2026-03-16,12,334,17,0.0509
2026-03-23,0,334,334,1.0
2026-03-23,1,334,163,0.488
2026-03-23,2,334,163,0.488
2026-03-23,3,334,131,0.3922
2026-03-23,4,334,86,0.2575
2026-03-23,5,334,58,0.1737
2026-03-23,6,334,36,0.1078
2026-03-23,7,334,47,0.1407
2026-03-23,8,334,31,0.0928
2026-03-23,9,334,24,0.0719
2026-03-23,10,334,12,0.0359
2026-03-23,11,334,9,0.0269
2026-03-23,12,334,15,0.0449
2026-03-30,0,352,352,1.0
2026-03-30,1,352,154,0.4375
2026-03-30,2,352,167,0.4744
2026-03-30,3,352,139,0.3949
2026-03-30,4,352,100,0.2841
2026-03-30,5,352,69,0.196
2026-03-30,6,352,45,0.1278
2026-03-30,7,352,35,0.0994
2026-03-30,8,352,33,0.0938
2026-03-30,9,352,29,0.0824
2026-03-30,10,352,23,0.0653
2026-03-30,11,352,18,0.0511
2026-03-30,12,352,20,0.0568
2026-04-06,0,324,324,1.0
2026-04-06,1,324,137,0.4228
2026-04-06,2,324,147,0.4537
2026-04-06,3,324,121,0.3735
2026-04-06,4,324,91,0.2809
2026-04-06,5,324,43,0.1327
2026-04-06,6,324,33,0.1019
2026-04-06,7,324,29,0.0895
2026-04-06,8,324,21,0.0648
2026-04-06,9,324,24,0.0741
2026-04-06,10,324,19,0.0586
2026-04-06,11,324,12,0.037
2026-04-06,12,324,5,0.0154
2026-04-13,0,312,312,1.0
2026-04-13,1,312,139,0.4455
2026-04-13,2,312,160,0.5128
2026-04-13,3,312,127,0.4071
2026-04-13,4,312,89,0.2853
2026-04-13,5,312,47,0.1506
2026-04-13,6,312,51,0.1635
2026-04-13,7,312,32,0.1026
2026-04-13,8,312,31,0.0994
2026-04-13,9,312,33,0.1058
2026-04-13,10,312,19,0.0609
2026-04-13,11,312,3,0.0096
2026-04-13,12,312,0,0.0
2026-04-20,0,337,337,1.0
2026-04-20,1,337,164,0.4866
2026-04-20,2,337,170,0.5045
2026-04-20,3,337,128,0.3798
2026-04-20,4,337,102,0.3027
2026-04-20,5,337,68,0.2018
2026-04-20,6,337,33,0.0979
2026-04-20,7,337,38,0.1128
2026-04-20,8,337,37,0.1098
2026-04-20,9,337,28,0.0831
2026-04-20,10,337,5,0.0148
2026-04-20,11,337,0,0.0
2026-04-20,12,337,0,0.0
2026-04-27,0,299,299,1.0
2026-04-27,1,299,144,0.4816
2026-04-27,2,299,147,0.4916
2026-04-27,3,299,123,0.4114
2026-04-27,4,299,85,0.2843
2026-04-27,5,299,52,0.1739
2026-04-27,6,299,43,0.1438
2026-04-27,7,299,20,0.0669
2026-04-27,8,299,24,0.0803
2026-04-27,9,299,11,0.0368
2026-04-27,10,299,0,0.0
2026-04-27,11,299,0,0.0
2026-04-27,12,299,0,0.0
2026-05-04,0,323,323,1.0
2026-05-04,1,323,154,0.4768
2026-05-04,2,323,163,0.5046
2026-05-04,3,323,129,0.3994
2026-05-04,4,323,87,0.2693
2026-05-04,5,323,50,0.1548
2026-05-04,6,323,43,0.1331
2026-05-04,7,323,30,0.0929
2026-05-04,8,323,10,0.031
2026-05-04,9,323,0,0.0
2026-05-04,10,323,0,0.0
2026-05-04,11,323,0,0.0
2026-05-04,12,323,0,0.0
2026-05-11,0,325,325,1.0
2026-05-11,1,325,143,0.44
2026-05-11,2,325,169,0.52
2026-05-11,3,325,127,0.3908
2026-05-11,4,325,108,0.3323
2026-05-11,5,325,47,0.1446
2026-05-11,6,325,41,0.1262
2026-05-11,7,325,11,0.0338
2026-05-11,8,325,0,0.0
2026-05-11,9,325,0,0.0
2026-05-11,10,325,0,0.0
2026-05-11,11,325,0,0.0
2026-05-11,12,325,0,0.0
2026-05-18,0,315,315,1.0
2026-05-18,1,315,137,0.4349
2026-05-18,2,315,153,0.4857
2026-05-18,3,315,122,0.3873
2026-05-18,4,315,86,0.273
2026-05-18,5,315,59,0.1873
2026-05-18,6,315,12,0.0381
2026-05-18,7,315,0,0.0
2026-05-18,8,315,0,0.0
2026-05-18,9,315,0,0.0
2026-05-18,10,315,0,0.0
2026-05-18,11,315,0,0.0
2026-05-18,12,315,0,0.0
2026-05-25,0,336,336,1.0
2026-05-25,1,336,148,0.4405
2026-05-25,2,336,166,0.494
2026-05-25,3,336,128,0.381
2026-05-25,4,336,98,0.2917
2026-05-25,5,336,19,0.0565
2026-05-25,6,336,0,0.0
2026-05-25,7,336,0,0.0
2026-05-25,8,336,0,0.0
2026-05-25,9,336,0,0.0
2026-05-25,10,336,0,0.0
2026-05-25,11,336,0,0.0
2026-05-25,12,336,0,0.0
2026-06-01,0,327,327,1.0
2026-06-01,1,327,158,0.4832
2026-06-01,2,327,178,0.5443
2026-06-01,3,327,145,0.4434
2026-06-01,4,327,65,0.1988
2026-06-01,5,327,0,0.0
2026-06-01,6,327,0,0.0
2026-06-01,7,327,0,0.0
2026-06-01,8,327,0,0.0
2026-06-01,9,327,0,0.0
2026-06-01,10,327,0,0.0
2026-06-01,11,327,0,0.0
2026-06-01,12,327,0,0.0
2026-06-08,0,339,339,1.0
2026-06-08,1,339,142,0.4189
2026-06-08,2,339,169,0.4985
2026-06-08,3,339,120,0.354
2026-06-08,4,339,0,0.0
2026-06-08,5,339,0,0.0
2026-06-08,6,339,0,0.0
2026-06-08,7,339,0,0.0
2026-06-08,8,339,0,0.0
2026-06-08,9,339,0,0.0
2026-06-08,10,339,0,0.0
2026-06-08,11,339,0,0.0
2026-06-08,12,339,0,0.0
2026-06-15,0,306,306,1.0
2026-06-15,1,306,130,0.4248
2026-06-15,2,306,101,0.3301
2026-06-15,3,306,0,0.0
2026-06-15,4,306,0,0.0
2026-06-15,5,306,0,0.0
2026-06-15,6,306,0,0.0
2026-06-15,7,306,0,0.0
2026-06-15,8,306,0,0.0
2026-06-15,9,306,0,0.0
2026-06-15,10,306,0,0.0
2026-06-15,11,306,0,0.0
2026-06-15,12,306,0,0.0
2026-06-22,0,97,97,1.0
2026-06-22,1,97,27,0.2784
2026-06-22,2,97,0,0.0
2026-06-22,3,97,0,0.0
2026-06-22,4,97,0,0.0
2026-06-22,5,97,0,0.0
2026-06-22,6,97,0,0.0
2026-06-22,7,97,0,0.0
2026-06-22,8,97,0,0.0
2026-06-22,9,97,0,0.0
2026-06-22,10,97,0,0.0
2026-06-22,11,97,0,0.0
2026-06-22,12,97,0,0.0
